user_id,username,username_uppercase,username_lowercase,username_numeric,username_special,username_length,username_se,screenname,screenname_uppercase,screenname_lowercase,screenname_numeric,screenname_special,screenname_length,screenname_se,screenname_emoji,screenname_hashtag,screenname_word,description,description_length,user_md_follower,user_md_following,user_md_follow_ratio,user_md_total_post,user_md_total_like,user_md_verified,user_md_protected,label
,,,,,,,,,,,,,,,,,1.0,,0.0,494.0,545.0,0.9064220183486239,108.0,,,False,False
,,,,,,,,,,,,,,,,,1.0,,0.0,331.0,333.0,0.993993993993994,1.0,,,False,False
,,,,,,,,,,,,,,,,,1.0,,137.0,155537.0,1395.0,111.49605734767025,1065.0,,,False,False
,,,,,,,,,,,,,,,,,2.0,,18.0,1746.0,1631.0,1.0705088902513795,65.0,,,True,False
,,,,,,,,,,,,,,,,,0.0,,0.0,167.0,387.0,0.4315245478036176,10.0,,,True,False
,,,,,,,,,,,,,,,,,2.0,,33.0,99.0,178.0,0.5561797752808989,59.0,,,True,False
,,,,,,,,,,,,,,,,,1.0,,20.0,106.0,133.0,0.7969924812030075,20.0,,,False,False
,,,,,,,,,,,,,,,,,1.0,,0.0,189.0,177.0,1.0677966101694916,3.0,,,True,False
,,,,,,,,,,,,,,,,,1.0,,20.0,668.0,294.0,2.272108843537415,75.0,,,True,False
,,,,,,,,,,,,,,,,,2.0,,87.0,1662.0,1065.0,1.56056338028169,131.0,,,False,False
,,,,,,,,,,,,,,,,,1.0,,0.0,33.0,37.0,0.8918918918918919,3.0,,,True,False
,,,,,,,,,,,,,,,,,2.0,,0.0,483.0,1216.0,0.3972039473684211,57.0,,,False,False
,,,,,,,,,,,,,,,,,1.0,,0.0,264.0,151.0,1.7483443708609272,14.0,,,False,False
,,,,,,,,,,,,,,,,,2.0,,23.0,796.0,1155.0,0.6891774891774892,6.0,,,False,False
,,,,,,,,,,,,,,,,,1.0,,137.0,714.0,1159.0,0.6160483175150993,664.0,,,False,False
,,,,,,,,,,,,,,,,,2.0,,0.0,105.0,98.0,1.0714285714285714,8.0,,,False,False
,,,,,,,,,,,,,,,,,2.0,,96.0,122.0,143.0,0.8531468531468531,17.0,,,True,False
,,,,,,,,,,,,,,,,,2.0,,18.0,178.0,245.0,0.726530612244898,14.0,,,True,False
,,,,,,,,,,,,,,,,,2.0,,54.0,1759.0,643.0,2.735614307931571,75.0,,,False,False
,,,,,,,,,,,,,,,,,10.0,,131.0,45834.0,280.0,163.69285714285715,2.0,,,False,False
,,,,,,,,,,,,,,,,,3.0,,25.0,298.0,555.0,0.5369369369369369,52.0,,,True,False
,,,,,,,,,,,,,,,,,3.0,,93.0,380510.0,0.0,,751.0,,,False,False
,,,,,,,,,,,,,,,,,2.0,,46.0,255.0,535.0,0.4766355140186916,83.0,,,True,False
,,,,,,,,,,,,,,,,,1.0,,19.0,805.0,488.0,1.6495901639344261,42.0,,,True,False
,,,,,,,,,,,,,,,,,3.0,,70.0,17303.0,360.0,48.06388888888889,227.0,,,False,False
,,,,,,,,,,,,,,,,,1.0,,109.0,109.0,179.0,0.6089385474860335,57.0,,,True,False
,,,,,,,,,,,,,,,,,0.0,,0.0,389.0,806.0,0.4826302729528536,158.0,,,False,False
,,,,,,,,,,,,,,,,,2.0,,40.0,12945.0,813.0,15.92250922509225,213.0,,,False,False
,,,,,,,,,,,,,,,,,3.0,,148.0,413.0,138.0,2.9927536231884058,9.0,,,False,False
,,,,,,,,,,,,,,,,,4.0,,105.0,781.0,529.0,1.4763705103969755,145.0,,,True,False
,,,,,,,,,,,,,,,,,2.0,,0.0,218.0,75.0,2.9066666666666667,9.0,,,False,False
,,,,,,,,,,,,,,,,,1.0,,0.0,490.0,1093.0,0.44830741079597436,114.0,,,False,False
,,,,,,,,,,,,,,,,,2.0,,30.0,427.0,470.0,0.9085106382978724,281.0,,,False,False
,,,,,,,,,,,,,,,,,1.0,,112.0,743.0,331.0,2.2447129909365557,22.0,,,True,False
,,,,,,,,,,,,,,,,,2.0,,17.0,416.0,292.0,1.4246575342465753,63.0,,,False,False
,,,,,,,,,,,,,,,,,1.0,,12.0,64.0,261.0,0.24521072796934865,26.0,,,False,False
,,,,,,,,,,,,,,,,,2.0,,23.0,3678.0,1359.0,2.706401766004415,433.0,,,False,False
,,,,,,,,,,,,,,,,,2.0,,138.0,687.0,1517.0,0.45286750164798945,980.0,,,True,False
,,,,,,,,,,,,,,,,,2.0,,42.0,541.0,701.0,0.7717546362339515,111.0,,,False,False
,,,,,,,,,,,,,,,,,2.0,,18.0,461.0,1055.0,0.4369668246445498,118.0,,,True,False
,,,,,,,,,,,,,,,,,0.0,,123.0,971.0,2047.0,0.47435271128480705,107.0,,,False,False
,,,,,,,,,,,,,,,,,2.0,,24.0,91446.0,526.0,173.85171102661596,580.0,,,False,False
,,,,,,,,,,,,,,,,,2.0,,38.0,459.0,390.0,1.176923076923077,334.0,,,True,False
,,,,,,,,,,,,,,,,,4.0,,81.0,669987.0,150.0,4466.58,344.0,,,False,False
,,,,,,,,,,,,,,,,,2.0,,26.0,1456.0,1200.0,1.2133333333333334,241.0,,,True,False
,,,,,,,,,,,,,,,,,1.0,,0.0,497.0,438.0,1.134703196347032,5.0,,,False,False
,,,,,,,,,,,,,,,,,1.0,,0.0,404.0,283.0,1.4275618374558303,94.0,,,True,False
,,,,,,,,,,,,,,,,,2.0,,0.0,393.0,502.0,0.7828685258964143,119.0,,,True,False
,,,,,,,,,,,,,,,,,2.0,,35.0,417.0,362.0,1.1519337016574585,77.0,,,False,False
,,,,,,,,,,,,,,,,,1.0,,0.0,361.0,562.0,0.6423487544483986,12.0,,,False,False
,,,,,,,,,,,,,,,,,9.0,,133.0,602517.0,482.0,1250.0352697095436,307.0,,,False,False
,,,,,,,,,,,,,,,,,1.0,,82.0,414.0,651.0,0.6359447004608295,679.0,,,False,False
,,,,,,,,,,,,,,,,,2.0,,49.0,205558.0,53.0,3878.4528301886794,560.0,,,False,False
,,,,,,,,,,,,,,,,,2.0,,55.0,622.0,475.0,1.3094736842105263,220.0,,,False,False
,,,,,,,,,,,,,,,,,3.0,,0.0,150.0,178.0,0.8426966292134831,11.0,,,True,False
,,,,,,,,,,,,,,,,,1.0,,27.0,220.0,323.0,0.6811145510835913,16.0,,,True,False
,,,,,,,,,,,,,,,,,2.0,,4.0,132.0,183.0,0.7213114754098361,4.0,,,True,False
,,,,,,,,,,,,,,,,,2.0,,0.0,56.0,114.0,0.49122807017543857,30.0,,,True,False
,,,,,,,,,,,,,,,,,1.0,,8.0,166.0,163.0,1.01840490797546,8.0,,,True,False
,,,,,,,,,,,,,,,,,1.0,,30.0,205.0,164.0,1.25,33.0,,,True,False
,,,,,,,,,,,,,,,,,2.0,,12.0,303.0,417.0,0.7266187050359713,8.0,,,True,False
,,,,,,,,,,,,,,,,,2.0,,35.0,744.0,967.0,0.7693898655635988,719.0,,,False,False
,,,,,,,,,,,,,,,,,1.0,,68.0,802.0,151.0,5.311258278145695,100.0,,,False,False
,,,,,,,,,,,,,,,,,2.0,,0.0,9.0,13.0,0.6923076923076923,2.0,,,True,False
,,,,,,,,,,,,,,,,,2.0,,28.0,494.0,998.0,0.49498997995991983,106.0,,,True,False
,,,,,,,,,,,,,,,,,2.0,,54.0,565.0,469.0,1.2046908315565032,77.0,,,False,False
,,,,,,,,,,,,,,,,,2.0,,11.0,3800.0,278.0,13.66906474820144,32.0,,,True,False
,,,,,,,,,,,,,,,,,2.0,,10.0,791.0,456.0,1.7346491228070176,8.0,,,False,False
,,,,,,,,,,,,,,,,,2.0,,48.0,5282.0,652.0,8.10122699386503,222.0,,,False,False
,,,,,,,,,,,,,,,,,4.0,,54.0,777.0,148.0,5.25,77.0,,,False,False
,,,,,,,,,,,,,,,,,2.0,,0.0,876.0,529.0,1.6559546313799622,142.0,,,False,False
,,,,,,,,,,,,,,,,,3.0,,28.0,470.0,288.0,1.6319444444444444,172.0,,,False,False
,,,,,,,,,,,,,,,,,2.0,,0.0,1926.0,1410.0,1.3659574468085107,698.0,,,True,False
,,,,,,,,,,,,,,,,,3.0,,0.0,7007.0,289.0,24.24567474048443,59.0,,,False,False
,,,,,,,,,,,,,,,,,2.0,,64.0,223.0,266.0,0.8383458646616542,22.0,,,False,False
,,,,,,,,,,,,,,,,,2.0,,5.0,196.0,209.0,0.937799043062201,10.0,,,True,False
,,,,,,,,,,,,,,,,,2.0,,0.0,1078.0,76.0,14.18421052631579,33.0,,,False,False
,,,,,,,,,,,,,,,,,2.0,,61.0,1152.0,292.0,3.9452054794520546,217.0,,,True,False
,,,,,,,,,,,,,,,,,2.0,,0.0,209.0,276.0,0.7572463768115942,9.0,,,False,False
,,,,,,,,,,,,,,,,,0.0,,28.0,486.0,862.0,0.5638051044083526,58.0,,,True,False
,,,,,,,,,,,,,,,,,1.0,,97.0,202.0,605.0,0.3338842975206612,188.0,,,True,False
,,,,,,,,,,,,,,,,,1.0,,16.0,2556.0,1074.0,2.3798882681564244,58.0,,,False,False
,,,,,,,,,,,,,,,,,1.0,,35.0,655.0,1016.0,0.6446850393700787,43.0,,,True,False
,,,,,,,,,,,,,,,,,6.0,,117.0,326946.0,3.0,108982.0,663.0,,,False,False
,,,,,,,,,,,,,,,,,2.0,,34.0,410.0,387.0,1.0594315245478036,14.0,,,False,False
,,,,,,,,,,,,,,,,,1.0,,3.0,108.0,97.0,1.1134020618556701,12.0,,,False,False
,,,,,,,,,,,,,,,,,3.0,,0.0,62.0,47.0,1.3191489361702127,9.0,,,False,False
,,,,,,,,,,,,,,,,,1.0,,146.0,10794.0,3164.0,3.411504424778761,52.0,,,False,False
,,,,,,,,,,,,,,,,,0.0,,0.0,59.0,55.0,1.0727272727272728,28.0,,,True,False
,,,,,,,,,,,,,,,,,0.0,,18.0,1008.0,517.0,1.9497098646034816,133.0,,,True,False
,,,,,,,,,,,,,,,,,2.0,,149.0,484.0,3296.0,0.14684466019417475,92.0,,,True,False
,,,,,,,,,,,,,,,,,3.0,,48.0,1128.0,694.0,1.6253602305475505,1570.0,,,False,False
,,,,,,,,,,,,,,,,,0.0,,0.0,15338538.0,61.0,251451.44262295082,148.0,,,False,False
,,,,,,,,,,,,,,,,,2.0,,24.0,150.0,157.0,0.9554140127388535,19.0,,,True,False
,,,,,,,,,,,,,,,,,2.0,,126.0,228.0,238.0,0.957983193277311,5.0,,,True,False
,,,,,,,,,,,,,,,,,2.0,,149.0,814.0,1111.0,0.7326732673267327,247.0,,,True,False
,,,,,,,,,,,,,,,,,2.0,,18.0,855.0,151.0,5.662251655629139,59.0,,,False,False
,,,,,,,,,,,,,,,,,2.0,,19.0,751.0,577.0,1.3015597920277295,65.0,,,False,False
,,,,,,,,,,,,,,,,,2.0,,0.0,318.0,523.0,0.6080305927342257,18.0,,,True,False
,,,,,,,,,,,,,,,,,2.0,,3.0,373.0,360.0,1.0361111111111112,56.0,,,True,False
,,,,,,,,,,,,,,,,,2.0,,77.0,2267.0,466.0,4.864806866952789,463.0,,,False,False
,,,,,,,,,,,,,,,,,2.0,,19.0,1158.0,3932.0,0.2945066124109868,917.0,,,True,False
,,,,,,,,,,,,,,,,,2.0,,133.0,881.0,375.0,2.3493333333333335,396.0,,,False,False
,,,,,,,,,,,,,,,,,2.0,,106.0,2338.0,776.0,3.0128865979381443,526.0,,,False,False
,,,,,,,,,,,,,,,,,2.0,,0.0,31182.0,414.0,75.31884057971014,411.0,,,False,False
,,,,,,,,,,,,,,,,,1.0,,36.0,807.0,675.0,1.1955555555555555,111.0,,,False,False
,,,,,,,,,,,,,,,,,2.0,,4.0,717.0,223.0,3.2152466367713006,42.0,,,False,False
,,,,,,,,,,,,,,,,,2.0,,63.0,34670.0,1878.0,18.461128860489882,378.0,,,False,False
,,,,,,,,,,,,,,,,,1.0,,76.0,225.0,356.0,0.6320224719101124,6.0,,,True,False
,,,,,,,,,,,,,,,,,2.0,,55.0,3551.0,173.0,20.526011560693643,69.0,,,False,False
,,,,,,,,,,,,,,,,,2.0,,7.0,406.0,408.0,0.9950980392156863,5.0,,,False,False
,,,,,,,,,,,,,,,,,0.0,,0.0,966.0,952.0,1.0147058823529411,53.0,,,True,False
,,,,,,,,,,,,,,,,,0.0,,47.0,510.0,185.0,2.7567567567567566,2.0,,,True,False
,,,,,,,,,,,,,,,,,5.0,,71.0,216.0,305.0,0.7081967213114754,8.0,,,False,False
,,,,,,,,,,,,,,,,,1.0,,0.0,1051.0,694.0,1.5144092219020173,93.0,,,True,False
,,,,,,,,,,,,,,,,,0.0,,0.0,1261.0,2187.0,0.5765889346136259,353.0,,,True,False
,,,,,,,,,,,,,,,,,2.0,,17.0,711.0,673.0,1.0564635958395245,44.0,,,True,False
,,,,,,,,,,,,,,,,,1.0,,30.0,488.0,604.0,0.8079470198675497,35.0,,,True,False
,,,,,,,,,,,,,,,,,2.0,,56.0,498.0,337.0,1.4777448071216617,51.0,,,True,False
,,,,,,,,,,,,,,,,,2.0,,0.0,320377.0,228.0,1405.1622807017543,69.0,,,False,False
,,,,,,,,,,,,,,,,,2.0,,39.0,223.0,694.0,0.32132564841498557,251.0,,,True,False
,,,,,,,,,,,,,,,,,7.0,,24.0,654.0,535.0,1.222429906542056,465.0,,,True,False
,,,,,,,,,,,,,,,,,1.0,,0.0,1113.0,1854.0,0.6003236245954693,416.0,,,False,False
,,,,,,,,,,,,,,,,,2.0,,0.0,464.0,1039.0,0.4465832531280077,1020.0,,,True,False
,,,,,,,,,,,,,,,,,3.0,,46.0,50374.0,900.0,55.971111111111114,254.0,,,False,False
,,,,,,,,,,,,,,,,,2.0,,14.0,228.0,346.0,0.6589595375722543,13.0,,,False,False
,,,,,,,,,,,,,,,,,2.0,,50.0,122.0,177.0,0.6892655367231638,16.0,,,False,False
,,,,,,,,,,,,,,,,,0.0,,6.0,300.0,372.0,0.8064516129032258,13.0,,,False,False
,,,,,,,,,,,,,,,,,2.0,,34.0,81.0,268.0,0.30223880597014924,2.0,,,False,False
,,,,,,,,,,,,,,,,,2.0,,54.0,9884.0,1173.0,8.42625745950554,648.0,,,False,False
,,,,,,,,,,,,,,,,,2.0,,9.0,408.0,635.0,0.6425196850393701,91.0,,,True,False
,,,,,,,,,,,,,,,,,1.0,,0.0,355.0,137.0,2.591240875912409,247.0,,,False,False
,,,,,,,,,,,,,,,,,2.0,,11.0,417.0,395.0,1.0556962025316456,19.0,,,True,False
,,,,,,,,,,,,,,,,,1.0,,0.0,77.0,34.0,2.264705882352941,1.0,,,False,False
,,,,,,,,,,,,,,,,,1.0,,91.0,1761.0,905.0,1.9458563535911602,135.0,,,False,False
,,,,,,,,,,,,,,,,,2.0,,0.0,1298.0,407.0,3.189189189189189,80.0,,,False,False
,,,,,,,,,,,,,,,,,2.0,,86.0,96.0,499.0,0.19238476953907815,25.0,,,True,False
,,,,,,,,,,,,,,,,,1.0,,19.0,947.0,582.0,1.627147766323024,78.0,,,False,False
,,,,,,,,,,,,,,,,,2.0,,0.0,516.0,463.0,1.1144708423326133,70.0,,,True,False
,,,,,,,,,,,,,,,,,1.0,,15.0,815.0,748.0,1.089572192513369,85.0,,,True,False
,,,,,,,,,,,,,,,,,3.0,,0.0,539.0,639.0,0.8435054773082942,122.0,,,False,False
,,,,,,,,,,,,,,,,,3.0,,24.0,419.0,271.0,1.5461254612546125,144.0,,,True,False
,,,,,,,,,,,,,,,,,1.0,,24.0,699.0,599.0,1.1669449081803005,20.0,,,False,False
,,,,,,,,,,,,,,,,,2.0,,5.0,2598.0,802.0,3.239401496259352,60.0,,,True,False
,,,,,,,,,,,,,,,,,2.0,,9.0,335.0,300.0,1.1166666666666667,34.0,,,True,False
,,,,,,,,,,,,,,,,,0.0,,0.0,4328.0,418.0,10.354066985645932,98.0,,,False,False
,,,,,,,,,,,,,,,,,3.0,,46.0,257.0,346.0,0.7427745664739884,7.0,,,True,False
,,,,,,,,,,,,,,,,,2.0,,71.0,10240.0,1255.0,8.159362549800797,149.0,,,False,False
,,,,,,,,,,,,,,,,,1.0,,27.0,759.0,956.0,0.7939330543933054,285.0,,,False,False
,,,,,,,,,,,,,,,,,2.0,,81.0,691.0,680.0,1.0161764705882352,50.0,,,False,False
,,,,,,,,,,,,,,,,,1.0,,98.0,59.0,111.0,0.5315315315315315,4.0,,,False,False
,,,,,,,,,,,,,,,,,2.0,,40.0,492.0,689.0,0.714078374455733,65.0,,,False,False
,,,,,,,,,,,,,,,,,1.0,,42.0,18842.0,744.0,25.3252688172043,400.0,,,False,False
,,,,,,,,,,,,,,,,,0.0,,0.0,265.0,264.0,1.003787878787879,103.0,,,True,False
,,,,,,,,,,,,,,,,,2.0,,73.0,1572.0,3504.0,0.4486301369863014,330.0,,,False,False
,,,,,,,,,,,,,,,,,0.0,,0.0,916.0,1142.0,0.8021015761821366,137.0,,,True,False
,,,,,,,,,,,,,,,,,2.0,,19.0,2719.0,1061.0,2.5626767200754004,1159.0,,,False,False
,,,,,,,,,,,,,,,,,2.0,,84.0,1027419.0,293.0,3506.5494880546075,932.0,,,False,False
,,,,,,,,,,,,,,,,,1.0,,81.0,741.0,1440.0,0.5145833333333333,101.0,,,False,False
,,,,,,,,,,,,,,,,,1.0,,132.0,213.0,254.0,0.8385826771653543,9.0,,,True,False
,,,,,,,,,,,,,,,,,2.0,,58.0,1247.0,1196.0,1.0426421404682273,8.0,,,True,False
,,,,,,,,,,,,,,,,,2.0,,0.0,552.0,521.0,1.0595009596928984,19.0,,,True,False
,,,,,,,,,,,,,,,,,2.0,,0.0,1358.0,127.0,10.692913385826772,81.0,,,True,False
,,,,,,,,,,,,,,,,,2.0,,0.0,1167.0,618.0,1.8883495145631068,89.0,,,True,False
,,,,,,,,,,,,,,,,,1.0,,33.0,2055.0,993.0,2.069486404833837,62.0,,,True,False
,,,,,,,,,,,,,,,,,1.0,,80.0,77.0,107.0,0.719626168224299,15.0,,,True,False
,,,,,,,,,,,,,,,,,2.0,,149.0,39867.0,4664.0,8.547813036020584,130.0,,,False,False
,,,,,,,,,,,,,,,,,2.0,,0.0,89.0,121.0,0.7355371900826446,9.0,,,True,False
,,,,,,,,,,,,,,,,,1.0,,35.0,634.0,719.0,0.8817802503477051,328.0,,,False,False
,,,,,,,,,,,,,,,,,2.0,,134.0,120.0,112.0,1.0714285714285714,74.0,,,True,False
,,,,,,,,,,,,,,,,,2.0,,54.0,1188.0,365.0,3.254794520547945,76.0,,,False,False
,,,,,,,,,,,,,,,,,1.0,,0.0,4347.0,748.0,5.811497326203209,389.0,,,False,False
,,,,,,,,,,,,,,,,,2.0,,27.0,6741307.0,111.0,60732.495495495496,334.0,,,False,False
,,,,,,,,,,,,,,,,,1.0,,89.0,138.0,208.0,0.6634615384615384,13.0,,,True,False
,,,,,,,,,,,,,,,,,1.0,,44.0,8578.0,164.0,52.30487804878049,156.0,,,False,False
,,,,,,,,,,,,,,,,,0.0,,0.0,318.0,569.0,0.5588752196836555,62.0,,,True,False
,,,,,,,,,,,,,,,,,1.0,,12.0,456.0,413.0,1.1041162227602905,16.0,,,True,False
,,,,,,,,,,,,,,,,,2.0,,0.0,400.0,449.0,0.89086859688196,8.0,,,True,False
,,,,,,,,,,,,,,,,,2.0,,0.0,87.0,40.0,2.175,0.0,,,False,False
,,,,,,,,,,,,,,,,,1.0,,0.0,99.0,488.0,0.2028688524590164,9.0,,,True,False
,,,,,,,,,,,,,,,,,1.0,,69.0,248.0,490.0,0.5061224489795918,209.0,,,True,False
,,,,,,,,,,,,,,,,,3.0,,123.0,87.0,399.0,0.21804511278195488,126.0,,,True,False
,,,,,,,,,,,,,,,,,2.0,,32.0,742.0,653.0,1.1362940275650841,62.0,,,True,False
,,,,,,,,,,,,,,,,,3.0,,50.0,392.0,237.0,1.6540084388185654,6.0,,,False,False
,,,,,,,,,,,,,,,,,2.0,,59.0,14222.0,7399.0,1.9221516421137992,7.0,,,False,False
,,,,,,,,,,,,,,,,,2.0,,134.0,265.0,321.0,0.8255451713395638,31.0,,,False,False
,,,,,,,,,,,,,,,,,2.0,,0.0,159.0,98.0,1.6224489795918366,13.0,,,True,False
,,,,,,,,,,,,,,,,,1.0,,0.0,748.0,4659.0,0.1605494741360807,711.0,,,False,False
,,,,,,,,,,,,,,,,,1.0,,143.0,14890.0,7369.0,2.020626950739585,273.0,,,True,False
,,,,,,,,,,,,,,,,,5.0,,67.0,4177.0,3678.0,1.1356715606307777,4.0,,,False,False
,,,,,,,,,,,,,,,,,2.0,,0.0,99.0,132.0,0.75,7.0,,,True,False
,,,,,,,,,,,,,,,,,2.0,,0.0,37.0,22.0,1.6818181818181819,3.0,,,False,False
,,,,,,,,,,,,,,,,,2.0,,48.0,5282.0,652.0,8.10122699386503,222.0,,,False,False
,,,,,,,,,,,,,,,,,2.0,,45.0,130.0,622.0,0.2090032154340836,8.0,,,True,False
,,,,,,,,,,,,,,,,,1.0,,0.0,765.0,424.0,1.804245283018868,571.0,,,True,False
,,,,,,,,,,,,,,,,,2.0,,0.0,266.0,324.0,0.8209876543209876,5.0,,,True,False
,,,,,,,,,,,,,,,,,2.0,,37.0,178.0,81.0,2.197530864197531,32.0,,,True,False
,,,,,,,,,,,,,,,,,2.0,,122.0,186.0,174.0,1.0689655172413792,15.0,,,True,False
,,,,,,,,,,,,,,,,,2.0,,29.0,1439.0,629.0,2.287758346581876,221.0,,,False,False
,,,,,,,,,,,,,,,,,5.0,,64.0,35.0,6.0,5.833333333333333,3.0,,,True,False
,,,,,,,,,,,,,,,,,2.0,,113.0,5406.0,589.0,9.178268251273344,209.0,,,False,False
,,,,,,,,,,,,,,,,,1.0,,67.0,3896490.0,351.0,11101.111111111111,301.0,,,False,False
,,,,,,,,,,,,,,,,,2.0,,96.0,2441.0,396.0,6.164141414141414,142.0,,,False,False
,,,,,,,,,,,,,,,,,3.0,,129.0,200.0,270.0,0.7407407407407407,31.0,,,False,False
,,,,,,,,,,,,,,,,,2.0,,72.0,732075.0,363.0,2016.7355371900826,373.0,,,False,False
,,,,,,,,,,,,,,,,,1.0,,0.0,606.0,430.0,1.4093023255813955,51.0,,,True,False
,,,,,,,,,,,,,,,,,4.0,,35.0,12397719.0,8.0,1549714.875,4494.0,,,False,False
,,,,,,,,,,,,,,,,,2.0,,117.0,81267.0,963.0,84.38940809968847,90.0,,,False,False
,,,,,,,,,,,,,,,,,2.0,,57.0,1582.0,1882.0,0.8405951115834219,149.0,,,False,False
,,,,,,,,,,,,,,,,,2.0,,61.0,200.0,437.0,0.4576659038901602,17.0,,,True,False
,,,,,,,,,,,,,,,,,3.0,,21.0,824.0,489.0,1.6850715746421268,40.0,,,False,False
,,,,,,,,,,,,,,,,,3.0,,51.0,162.0,311.0,0.5209003215434084,7.0,,,True,False
,,,,,,,,,,,,,,,,,2.0,,70.0,399.0,452.0,0.8827433628318584,74.0,,,False,False
,,,,,,,,,,,,,,,,,0.0,,0.0,125.0,101.0,1.2376237623762376,11.0,,,False,False
,,,,,,,,,,,,,,,,,2.0,,0.0,945.0,583.0,1.620926243567753,298.0,,,False,False
,,,,,,,,,,,,,,,,,2.0,,9.0,5315651.0,2703.0,1966.574546799852,497.0,,,False,False
,,,,,,,,,,,,,,,,,2.0,,126.0,2284.0,130.0,17.56923076923077,230.0,,,False,False
,,,,,,,,,,,,,,,,,1.0,,30.0,135.0,232.0,0.5818965517241379,65.0,,,True,False
,,,,,,,,,,,,,,,,,12.0,,46.0,941.0,1208.0,0.7789735099337748,24.0,,,True,False
,,,,,,,,,,,,,,,,,1.0,,64.0,428.0,333.0,1.2852852852852852,15.0,,,False,False
,,,,,,,,,,,,,,,,,1.0,,26.0,650.0,703.0,0.9246088193456614,280.0,,,True,False
,,,,,,,,,,,,,,,,,1.0,,0.0,319.0,335.0,0.9522388059701492,8.0,,,True,False
,,,,,,,,,,,,,,,,,2.0,,57.0,2118.0,1109.0,1.909828674481515,271.0,,,False,False
,,,,,,,,,,,,,,,,,2.0,,73.0,1312.0,935.0,1.4032085561497327,232.0,,,True,False
,,,,,,,,,,,,,,,,,2.0,,1.0,346.0,426.0,0.812206572769953,283.0,,,False,False
,,,,,,,,,,,,,,,,,5.0,,5.0,3003.0,455.0,6.6,165.0,,,False,False
,,,,,,,,,,,,,,,,,2.0,,26.0,206.0,32.0,6.4375,112.0,,,False,False
,,,,,,,,,,,,,,,,,2.0,,0.0,167.0,164.0,1.0182926829268293,10.0,,,False,False
,,,,,,,,,,,,,,,,,2.0,,0.0,361853.0,583.0,620.6740994854202,420.0,,,False,False
,,,,,,,,,,,,,,,,,1.0,,12.0,1135.0,899.0,1.2625139043381535,61.0,,,False,False
,,,,,,,,,,,,,,,,,2.0,,139.0,1504.0,52.0,28.923076923076923,36.0,,,False,False
,,,,,,,,,,,,,,,,,1.0,,51.0,1013.0,996.0,1.0170682730923695,98.0,,,True,False
,,,,,,,,,,,,,,,,,2.0,,74.0,27477.0,7202.0,3.8151902249375174,921.0,,,False,False
,,,,,,,,,,,,,,,,,6.0,,0.0,536.0,665.0,0.806015037593985,17.0,,,True,False
,,,,,,,,,,,,,,,,,1.0,,13.0,386.0,363.0,1.0633608815426998,14.0,,,True,False
,,,,,,,,,,,,,,,,,1.0,,15.0,505.0,503.0,1.0039761431411531,43.0,,,False,False
,,,,,,,,,,,,,,,,,2.0,,82.0,328.0,668.0,0.49101796407185627,319.0,,,True,False
,,,,,,,,,,,,,,,,,2.0,,0.0,151.0,126.0,1.1984126984126984,6.0,,,True,False
,,,,,,,,,,,,,,,,,0.0,,53.0,1000.0,955.0,1.0471204188481675,32.0,,,False,False
,,,,,,,,,,,,,,,,,1.0,,4.0,2983.0,545.0,5.473394495412844,250.0,,,True,False
,,,,,,,,,,,,,,,,,1.0,,0.0,229.0,492.0,0.4654471544715447,53.0,,,True,False
,,,,,,,,,,,,,,,,,1.0,,0.0,348.0,347.0,1.0028818443804035,5.0,,,True,False
,,,,,,,,,,,,,,,,,2.0,,0.0,730.0,413.0,1.7675544794188862,388.0,,,True,False
,,,,,,,,,,,,,,,,,1.0,,123.0,11204.0,124.0,90.35483870967742,59.0,,,False,False
,,,,,,,,,,,,,,,,,2.0,,13.0,751.0,1223.0,0.6140637775960752,8.0,,,True,False
,,,,,,,,,,,,,,,,,1.0,,78.0,1913.0,436.0,4.387614678899083,97.0,,,True,False
,,,,,,,,,,,,,,,,,0.0,,103.0,617.0,272.0,2.2683823529411766,24.0,,,False,False
,,,,,,,,,,,,,,,,,2.0,,86.0,433.0,584.0,0.7414383561643836,15.0,,,False,False
,,,,,,,,,,,,,,,,,1.0,,28.0,19.0,20.0,0.95,6.0,,,True,False
,,,,,,,,,,,,,,,,,3.0,,62.0,722.0,261.0,2.7662835249042144,64.0,,,False,False
,,,,,,,,,,,,,,,,,0.0,,26.0,2487.0,999.0,2.4894894894894897,559.0,,,False,False
,,,,,,,,,,,,,,,,,0.0,,0.0,267.0,328.0,0.8140243902439024,18.0,,,True,False
,,,,,,,,,,,,,,,,,2.0,,1.0,70.0,67.0,1.044776119402985,12.0,,,True,False
,,,,,,,,,,,,,,,,,1.0,,39.0,384.0,447.0,0.8590604026845637,63.0,,,False,False
,,,,,,,,,,,,,,,,,2.0,,43.0,265.0,371.0,0.7142857142857143,1.0,,,True,False
,,,,,,,,,,,,,,,,,0.0,,0.0,104.0,15.0,6.933333333333334,1.0,,,False,False
,,,,,,,,,,,,,,,,,2.0,,1.0,162.0,208.0,0.7788461538461539,27.0,,,True,False
,,,,,,,,,,,,,,,,,2.0,,50.0,177.0,170.0,1.0411764705882354,111.0,,,True,False
,,,,,,,,,,,,,,,,,2.0,,53.0,875.0,754.0,1.160477453580902,201.0,,,False,False
,,,,,,,,,,,,,,,,,2.0,,63.0,464.0,367.0,1.2643051771117166,46.0,,,True,False
,,,,,,,,,,,,,,,,,2.0,,132.0,121354.0,176.0,689.5113636363636,511.0,,,False,False
,,,,,,,,,,,,,,,,,2.0,,50.0,380.0,462.0,0.8225108225108225,53.0,,,False,False
,,,,,,,,,,,,,,,,,2.0,,0.0,206.0,333.0,0.6186186186186187,28.0,,,False,False
,,,,,,,,,,,,,,,,,2.0,,120.0,1456.0,555.0,2.6234234234234233,95.0,,,False,False
,,,,,,,,,,,,,,,,,1.0,,0.0,137.0,96.0,1.4270833333333333,74.0,,,False,False
,,,,,,,,,,,,,,,,,1.0,,78.0,834.0,358.0,2.329608938547486,9.0,,,True,False
,,,,,,,,,,,,,,,,,1.0,,59.0,1057.0,524.0,2.017175572519084,301.0,,,False,False
,,,,,,,,,,,,,,,,,2.0,,0.0,60.0,100.0,0.6,19.0,,,False,False
,,,,,,,,,,,,,,,,,0.0,,18.0,553.0,610.0,0.9065573770491804,25.0,,,True,False
,,,,,,,,,,,,,,,,,2.0,,23.0,45.0,80.0,0.5625,24.0,,,True,False
,,,,,,,,,,,,,,,,,0.0,,71.0,1824.0,2713.0,0.6723184666420936,72.0,,,False,False
,,,,,,,,,,,,,,,,,2.0,,129.0,51145.0,528.0,96.8655303030303,661.0,,,False,False
,,,,,,,,,,,,,,,,,2.0,,98.0,1962.0,2701.0,0.7263976305072195,487.0,,,False,False
,,,,,,,,,,,,,,,,,3.0,,0.0,1204.0,2928.0,0.41120218579234974,36.0,,,False,False
,,,,,,,,,,,,,,,,,0.0,,2.0,890969.0,11.0,80997.18181818182,7389.0,,,False,False
,,,,,,,,,,,,,,,,,2.0,,138.0,1064.0,573.0,1.8568935427574171,253.0,,,False,False
,,,,,,,,,,,,,,,,,1.0,,31.0,728.0,1213.0,0.6001648804616653,1232.0,,,True,False
,,,,,,,,,,,,,,,,,3.0,,39.0,5863.0,157.0,37.34394904458599,26.0,,,False,False
,,,,,,,,,,,,,,,,,2.0,,43.0,192.0,141.0,1.3617021276595744,60.0,,,False,False
,,,,,,,,,,,,,,,,,2.0,,0.0,425.0,917.0,0.46346782988004365,240.0,,,False,False
,,,,,,,,,,,,,,,,,4.0,,26.0,738.0,544.0,1.3566176470588236,16.0,,,False,False
,,,,,,,,,,,,,,,,,2.0,,62.0,8711.0,345.0,25.24927536231884,403.0,,,False,False
,,,,,,,,,,,,,,,,,2.0,,147.0,4021842.0,5514.0,729.3873775843308,1879.0,,,False,False
,,,,,,,,,,,,,,,,,1.0,,0.0,139.0,61.0,2.278688524590164,204.0,,,False,False
,,,,,,,,,,,,,,,,,2.0,,81.0,341.0,274.0,1.2445255474452555,25.0,,,True,False
,,,,,,,,,,,,,,,,,2.0,,0.0,366.0,552.0,0.6630434782608695,9.0,,,False,False
,,,,,,,,,,,,,,,,,2.0,,34.0,268.0,370.0,0.7243243243243244,126.0,,,True,False
,,,,,,,,,,,,,,,,,0.0,,8.0,173.0,373.0,0.46380697050938335,12.0,,,True,False
,,,,,,,,,,,,,,,,,3.0,,95.0,357.0,489.0,0.7300613496932515,15.0,,,True,False
,,,,,,,,,,,,,,,,,2.0,,138.0,92192.0,16.0,5762.0,156.0,,,False,False
,,,,,,,,,,,,,,,,,2.0,,35.0,1677.0,716.0,2.3421787709497206,2.0,,,False,False
,,,,,,,,,,,,,,,,,1.0,,70.0,67.0,149.0,0.44966442953020136,93.0,,,True,False
,,,,,,,,,,,,,,,,,2.0,,23.0,668.0,609.0,1.09688013136289,85.0,,,False,False
,,,,,,,,,,,,,,,,,1.0,,140.0,19512.0,591.0,33.015228426395936,775.0,,,False,False
,,,,,,,,,,,,,,,,,2.0,,30.0,7217.0,761.0,9.483574244415243,200.0,,,False,False
,,,,,,,,,,,,,,,,,2.0,,44.0,2740.0,533.0,5.140712945590995,286.0,,,False,False
,,,,,,,,,,,,,,,,,0.0,,23.0,1476.0,666.0,2.2162162162162162,262.0,,,False,False
,,,,,,,,,,,,,,,,,2.0,,2.0,162.0,256.0,0.6328125,38.0,,,False,False
,,,,,,,,,,,,,,,,,0.0,,86.0,259.0,1371.0,0.18891320204230488,54.0,,,True,False
,,,,,,,,,,,,,,,,,2.0,,56.0,542073.0,674.0,804.2626112759644,1164.0,,,False,False
,,,,,,,,,,,,,,,,,2.0,,0.0,254.0,345.0,0.736231884057971,7.0,,,True,False
,,,,,,,,,,,,,,,,,2.0,,59.0,1068.0,1925.0,0.5548051948051949,49.0,,,True,False
,,,,,,,,,,,,,,,,,1.0,,108.0,812.0,432.0,1.8796296296296295,713.0,,,False,False
,,,,,,,,,,,,,,,,,2.0,,12.0,1070.0,1072.0,0.9981343283582089,197.0,,,False,False
,,,,,,,,,,,,,,,,,2.0,,0.0,96.0,50.0,1.92,0.0,,,False,False
,,,,,,,,,,,,,,,,,2.0,,103.0,12033.0,248.0,48.520161290322584,117.0,,,False,False
,,,,,,,,,,,,,,,,,0.0,,40.0,4594.0,1713.0,2.6818447168709865,197.0,,,False,False
,,,,,,,,,,,,,,,,,2.0,,13.0,104.0,119.0,0.8739495798319328,3.0,,,True,False
,,,,,,,,,,,,,,,,,1.0,,26.0,114.0,446.0,0.2556053811659193,0.0,,,True,False
,,,,,,,,,,,,,,,,,2.0,,20.0,673.0,568.0,1.1848591549295775,78.0,,,False,False
,,,,,,,,,,,,,,,,,2.0,,0.0,192.0,65.0,2.953846153846154,0.0,,,False,False
,,,,,,,,,,,,,,,,,3.0,,46.0,175.0,199.0,0.8793969849246231,590.0,,,True,False
,,,,,,,,,,,,,,,,,2.0,,8.0,668.0,605.0,1.1041322314049586,85.0,,,True,False
,,,,,,,,,,,,,,,,,2.0,,2.0,195.0,395.0,0.4936708860759494,53.0,,,True,False
,,,,,,,,,,,,,,,,,0.0,,82.0,313.0,376.0,0.8324468085106383,12.0,,,False,False
,,,,,,,,,,,,,,,,,3.0,,91.0,1798.0,461.0,3.9002169197396963,274.0,,,False,False
,,,,,,,,,,,,,,,,,0.0,,14.0,533.0,1060.0,0.5028301886792453,131.0,,,True,False
,,,,,,,,,,,,,,,,,2.0,,73.0,244.0,172.0,1.4186046511627908,77.0,,,False,False
,,,,,,,,,,,,,,,,,2.0,,146.0,573.0,474.0,1.2088607594936709,145.0,,,False,False
,,,,,,,,,,,,,,,,,1.0,,44.0,309.0,364.0,0.8489010989010989,12.0,,,True,False
,,,,,,,,,,,,,,,,,1.0,,0.0,585.0,1364.0,0.42888563049853373,24.0,,,False,False
,,,,,,,,,,,,,,,,,1.0,,12.0,1843.0,598.0,3.0819397993311037,63.0,,,False,False
,,,,,,,,,,,,,,,,,1.0,,4.0,369.0,546.0,0.6758241758241759,91.0,,,False,False
,,,,,,,,,,,,,,,,,2.0,,101.0,272.0,1486.0,0.18304172274562583,86.0,,,False,False
,,,,,,,,,,,,,,,,,2.0,,0.0,13.0,77.0,0.16883116883116883,0.0,,,True,False
,,,,,,,,,,,,,,,,,1.0,,35.0,1809.0,416.0,4.3485576923076925,35.0,,,True,False
,,,,,,,,,,,,,,,,,1.0,,27.0,116.0,138.0,0.8405797101449275,28.0,,,True,False
,,,,,,,,,,,,,,,,,1.0,,0.0,229.0,383.0,0.597911227154047,252.0,,,False,False
,,,,,,,,,,,,,,,,,1.0,,30.0,1775.0,7500.0,0.23666666666666666,103.0,,,True,False
,,,,,,,,,,,,,,,,,2.0,,35.0,984.0,76.0,12.947368421052632,192.0,,,False,False
,,,,,,,,,,,,,,,,,1.0,,0.0,362.0,424.0,0.8537735849056604,6.0,,,True,False
,,,,,,,,,,,,,,,,,1.0,,0.0,68.0,87.0,0.7816091954022989,5.0,,,True,False
,,,,,,,,,,,,,,,,,1.0,,0.0,189.0,276.0,0.6847826086956522,0.0,,,True,False
,,,,,,,,,,,,,,,,,2.0,,150.0,870.0,72.0,12.083333333333334,38.0,,,False,False
,,,,,,,,,,,,,,,,,4.0,,150.0,1383.0,7500.0,0.1844,161.0,,,False,False
,,,,,,,,,,,,,,,,,2.0,,37.0,1204.0,633.0,1.9020537124802528,2.0,,,True,False
,,,,,,,,,,,,,,,,,3.0,,0.0,673.0,438.0,1.5365296803652968,189.0,,,False,False
,,,,,,,,,,,,,,,,,1.0,,34.0,1267.0,899.0,1.4093437152391546,157.0,,,True,False
,,,,,,,,,,,,,,,,,1.0,,39.0,710.0,549.0,1.2932604735883424,6.0,,,False,False
,,,,,,,,,,,,,,,,,2.0,,148.0,18515.0,1000.0,18.515,990.0,,,False,False
,,,,,,,,,,,,,,,,,1.0,,0.0,55.0,28.0,1.9642857142857142,0.0,,,False,True
,,,,,,,,,,,,,,,,,2.0,,0.0,143.0,500.0,0.286,14.0,,,False,True
,,,,,,,,,,,,,,,,,3.0,,58.0,1742.0,6172.0,0.28224238496435516,4.0,,,False,True
,,,,,,,,,,,,,,,,,1.0,,0.0,26.0,27.0,0.9629629629629629,0.0,,,False,True
,,,,,,,,,,,,,,,,,1.0,,0.0,15.0,4.0,3.75,0.0,,,False,True
,,,,,,,,,,,,,,,,,3.0,,0.0,57.0,167.0,0.3413173652694611,0.0,,,False,True
,,,,,,,,,,,,,,,,,1.0,,0.0,75.0,26.0,2.8846153846153846,0.0,,,False,True
,,,,,,,,,,,,,,,,,1.0,,0.0,16.0,26.0,0.6153846153846154,0.0,,,False,True
,,,,,,,,,,,,,,,,,1.0,,21.0,66.0,75.0,0.88,44.0,,,False,True
,,,,,,,,,,,,,,,,,1.0,,0.0,34.0,26.0,1.3076923076923077,0.0,,,False,True
,,,,,,,,,,,,,,,,,1.0,,0.0,106.0,171.0,0.6198830409356725,84.0,,,True,True
,,,,,,,,,,,,,,,,,2.0,,0.0,53.0,137.0,0.38686131386861317,1.0,,,False,True
,,,,,,,,,,,,,,,,,1.0,,0.0,42.0,175.0,0.24,0.0,,,False,True
,,,,,,,,,,,,,,,,,0.0,,148.0,446.0,1762.0,0.25312145289443816,21.0,,,False,True
,,,,,,,,,,,,,,,,,1.0,,0.0,159.0,433.0,0.3672055427251732,9.0,,,False,True
,,,,,,,,,,,,,,,,,1.0,,0.0,40.0,236.0,0.1694915254237288,0.0,,,True,True
,,,,,,,,,,,,,,,,,1.0,,0.0,23.0,33.0,0.696969696969697,0.0,,,False,True
,,,,,,,,,,,,,,,,,1.0,,0.0,42.0,26.0,1.6153846153846154,11.0,,,False,True
,,,,,,,,,,,,,,,,,2.0,,0.0,9.0,167.0,0.05389221556886228,0.0,,,True,True
,,,,,,,,,,,,,,,,,1.0,,0.0,11.0,60.0,0.18333333333333332,0.0,,,True,True
,,,,,,,,,,,,,,,,,0.0,,0.0,2.0,55.0,0.03636363636363636,2.0,,,True,True
,,,,,,,,,,,,,,,,,0.0,,0.0,49.0,79.0,0.620253164556962,0.0,,,False,True
,,,,,,,,,,,,,,,,,2.0,,0.0,19.0,16.0,1.1875,0.0,,,False,True
,,,,,,,,,,,,,,,,,1.0,,33.0,77.0,108.0,0.7129629629629629,12.0,,,False,True
,,,,,,,,,,,,,,,,,1.0,,0.0,23.0,37.0,0.6216216216216216,0.0,,,True,True
,,,,,,,,,,,,,,,,,1.0,,0.0,107.0,42.0,2.5476190476190474,1.0,,,True,True
,,,,,,,,,,,,,,,,,1.0,,0.0,43.0,123.0,0.34959349593495936,3.0,,,False,True
,,,,,,,,,,,,,,,,,2.0,,0.0,12.0,5.0,2.4,0.0,,,False,True
,,,,,,,,,,,,,,,,,1.0,,0.0,108.0,304.0,0.35526315789473684,10.0,,,False,True
,,,,,,,,,,,,,,,,,1.0,,0.0,85.0,638.0,0.13322884012539185,0.0,,,False,True
,,,,,,,,,,,,,,,,,1.0,,0.0,39.0,40.0,0.975,0.0,,,False,True
,,,,,,,,,,,,,,,,,3.0,,0.0,0.0,130.0,0,0.0,,,True,True
,,,,,,,,,,,,,,,,,1.0,,0.0,5.0,15.0,0.3333333333333333,6.0,,,True,True
,,,,,,,,,,,,,,,,,1.0,,0.0,49.0,2.0,24.5,0.0,,,False,True
,,,,,,,,,,,,,,,,,1.0,,0.0,86.0,0.0,,0.0,,,False,True
,,,,,,,,,,,,,,,,,1.0,,0.0,181.0,935.0,0.19358288770053475,13.0,,,False,True
,,,,,,,,,,,,,,,,,1.0,,0.0,21.0,44.0,0.4772727272727273,0.0,,,False,True
,,,,,,,,,,,,,,,,,1.0,,43.0,5.0,48.0,0.10416666666666667,21.0,,,True,True
,,,,,,,,,,,,,,,,,1.0,,0.0,49.0,0.0,,0.0,,,False,True
,,,,,,,,,,,,,,,,,1.0,,0.0,926.0,4239.0,0.21844774711016748,0.0,,,False,True
,,,,,,,,,,,,,,,,,0.0,,0.0,12.0,192.0,0.0625,0.0,,,True,True
,,,,,,,,,,,,,,,,,1.0,,0.0,25.0,28.0,0.8928571428571429,0.0,,,False,True
,,,,,,,,,,,,,,,,,1.0,,0.0,1.0,64.0,0.015625,0.0,,,True,True
,,,,,,,,,,,,,,,,,2.0,,0.0,39.0,64.0,0.609375,0.0,,,False,True
,,,,,,,,,,,,,,,,,1.0,,0.0,96.0,242.0,0.39669421487603307,11.0,,,False,True
,,,,,,,,,,,,,,,,,1.0,,0.0,16.0,36.0,0.4444444444444444,0.0,,,False,True
,,,,,,,,,,,,,,,,,1.0,,0.0,2.0,0.0,,0.0,,,False,True
,,,,,,,,,,,,,,,,,1.0,,0.0,45.0,83.0,0.5421686746987951,2.0,,,False,True
,,,,,,,,,,,,,,,,,1.0,,0.0,219.0,155.0,1.4129032258064516,40.0,,,False,True
,,,,,,,,,,,,,,,,,1.0,,0.0,129.0,920.0,0.14021739130434782,4.0,,,False,True
,,,,,,,,,,,,,,,,,1.0,,0.0,238.0,1381.0,0.1723388848660391,60.0,,,False,True
,,,,,,,,,,,,,,,,,0.0,,0.0,1.0,80.0,0.0125,3.0,,,True,True
,,,,,,,,,,,,,,,,,1.0,,0.0,97.0,408.0,0.23774509803921567,2.0,,,False,True
,,,,,,,,,,,,,,,,,1.0,,20.0,53.0,303.0,0.17491749174917492,2.0,,,False,True
,,,,,,,,,,,,,,,,,1.0,,0.0,75.0,26.0,2.8846153846153846,0.0,,,False,True
,,,,,,,,,,,,,,,,,3.0,,0.0,87.0,698.0,0.12464183381088825,25.0,,,False,True
,,,,,,,,,,,,,,,,,1.0,,0.0,31.0,91.0,0.34065934065934067,0.0,,,True,True
,,,,,,,,,,,,,,,,,1.0,,0.0,150.0,487.0,0.3080082135523614,2.0,,,False,True
,,,,,,,,,,,,,,,,,1.0,,22.0,279.0,1124.0,0.24822064056939502,131.0,,,True,True
,,,,,,,,,,,,,,,,,1.0,,0.0,27.0,63.0,0.42857142857142855,0.0,,,False,True
,,,,,,,,,,,,,,,,,2.0,,2.0,40.0,233.0,0.17167381974248927,0.0,,,False,True
,,,,,,,,,,,,,,,,,1.0,,0.0,0.0,601.0,0,0.0,,,True,True
,,,,,,,,,,,,,,,,,1.0,,0.0,40.0,179.0,0.22346368715083798,2.0,,,True,True
,,,,,,,,,,,,,,,,,1.0,,0.0,34.0,36.0,0.9444444444444444,1.0,,,False,True
,,,,,,,,,,,,,,,,,0.0,,2.0,34.0,108.0,0.3148148148148148,299.0,,,True,True
,,,,,,,,,,,,,,,,,1.0,,2.0,21.0,733.0,0.0286493860845839,3.0,,,True,True
,,,,,,,,,,,,,,,,,1.0,,0.0,17.0,1.0,17.0,0.0,,,False,True
,,,,,,,,,,,,,,,,,1.0,,0.0,20.0,7.0,2.857142857142857,0.0,,,False,True
,,,,,,,,,,,,,,,,,1.0,,0.0,8.0,6.0,1.3333333333333333,0.0,,,False,True
,,,,,,,,,,,,,,,,,1.0,,0.0,75.0,55.0,1.3636363636363635,81.0,,,False,True
,,,,,,,,,,,,,,,,,1.0,,0.0,49.0,22.0,2.227272727272727,0.0,,,False,True
,,,,,,,,,,,,,,,,,0.0,,146.0,1.0,13.0,0.07692307692307693,0.0,,,True,True
,,,,,,,,,,,,,,,,,1.0,,0.0,0.0,29.0,0,0.0,,,True,True
,,,,,,,,,,,,,,,,,1.0,,0.0,18.0,58.0,0.3103448275862069,5.0,,,True,True
,,,,,,,,,,,,,,,,,0.0,,0.0,25.0,39.0,0.6410256410256411,29.0,,,True,True
,,,,,,,,,,,,,,,,,4.0,,149.0,1031.0,208.0,4.956730769230769,28.0,,,False,True
,,,,,,,,,,,,,,,,,1.0,,0.0,0.0,853.0,0,0.0,,,True,True
,,,,,,,,,,,,,,,,,1.0,,0.0,178.0,1417.0,0.12561750176429076,10.0,,,False,True
,,,,,,,,,,,,,,,,,2.0,,0.0,833.0,3572.0,0.2332026875699888,3.0,,,False,True
,,,,,,,,,,,,,,,,,1.0,,0.0,341.0,2287.0,0.14910362920857018,8.0,,,False,True
,,,,,,,,,,,,,,,,,1.0,,0.0,227.0,353.0,0.6430594900849859,0.0,,,False,True
,,,,,,,,,,,,,,,,,1.0,,0.0,5.0,121.0,0.04132231404958678,0.0,,,True,True
,,,,,,,,,,,,,,,,,1.0,,0.0,6.0,24.0,0.25,5.0,,,True,True
,,,,,,,,,,,,,,,,,1.0,,0.0,310.0,894.0,0.34675615212527966,5.0,,,True,True
,,,,,,,,,,,,,,,,,1.0,,0.0,49.0,95.0,0.5157894736842106,0.0,,,False,True
,,,,,,,,,,,,,,,,,1.0,,0.0,15.0,305.0,0.04918032786885246,124.0,,,True,True
,,,,,,,,,,,,,,,,,1.0,,0.0,193.0,669.0,0.2884902840059791,1.0,,,False,True
,,,,,,,,,,,,,,,,,1.0,,0.0,218.0,1528.0,0.14267015706806283,37.0,,,False,True
,,,,,,,,,,,,,,,,,1.0,,0.0,32.0,25.0,1.28,0.0,,,False,True
,,,,,,,,,,,,,,,,,1.0,,0.0,16.0,0.0,,0.0,,,False,True
,,,,,,,,,,,,,,,,,2.0,,22.0,389.0,392.0,0.9923469387755102,2.0,,,True,True
,,,,,,,,,,,,,,,,,1.0,,0.0,12.0,77.0,0.15584415584415584,0.0,,,True,True
,,,,,,,,,,,,,,,,,1.0,,0.0,5.0,17.0,0.29411764705882354,0.0,,,True,True
,,,,,,,,,,,,,,,,,1.0,,0.0,45.0,64.0,0.703125,0.0,,,False,True
,,,,,,,,,,,,,,,,,1.0,,0.0,34.0,22.0,1.5454545454545454,2.0,,,False,True
,,,,,,,,,,,,,,,,,1.0,,0.0,227.0,776.0,0.2925257731958763,23.0,,,False,True
,,,,,,,,,,,,,,,,,1.0,,0.0,37.0,58.0,0.6379310344827587,2.0,,,False,True
,,,,,,,,,,,,,,,,,1.0,,0.0,150.0,164.0,0.9146341463414634,4.0,,,False,True
,,,,,,,,,,,,,,,,,2.0,,0.0,49.0,82.0,0.5975609756097561,0.0,,,False,True
,,,,,,,,,,,,,,,,,1.0,,0.0,57.0,76.0,0.75,0.0,,,False,True
,,,,,,,,,,,,,,,,,1.0,,0.0,100.0,162.0,0.6172839506172839,16.0,,,False,True
,,,,,,,,,,,,,,,,,1.0,,0.0,7.0,14.0,0.5,0.0,,,True,True
,,,,,,,,,,,,,,,,,2.0,,0.0,18.0,49.0,0.3673469387755102,0.0,,,False,True
,,,,,,,,,,,,,,,,,1.0,,0.0,47.0,10.0,4.7,0.0,,,False,True
,,,,,,,,,,,,,,,,,1.0,,0.0,136.0,1029.0,0.13216715257531583,5.0,,,False,True
,,,,,,,,,,,,,,,,,0.0,,0.0,38.0,68.0,0.5588235294117647,0.0,,,True,True
,,,,,,,,,,,,,,,,,1.0,,0.0,13.0,7.0,1.8571428571428572,0.0,,,False,True
,,,,,,,,,,,,,,,,,1.0,,0.0,6.0,37.0,0.16216216216216217,0.0,,,True,True
,,,,,,,,,,,,,,,,,2.0,,0.0,22.0,82.0,0.2682926829268293,0.0,,,False,True
,,,,,,,,,,,,,,,,,1.0,,0.0,10.0,104.0,0.09615384615384616,1.0,,,True,True
,,,,,,,,,,,,,,,,,2.0,,0.0,96.0,339.0,0.2831858407079646,4.0,,,False,True
,,,,,,,,,,,,,,,,,1.0,,0.0,0.0,802.0,0,0.0,,,True,True
,,,,,,,,,,,,,,,,,1.0,,0.0,128.0,636.0,0.20125786163522014,21.0,,,False,True
,,,,,,,,,,,,,,,,,3.0,,0.0,122.0,336.0,0.3630952380952381,29.0,,,False,True
,,,,,,,,,,,,,,,,,1.0,,0.0,39.0,229.0,0.1703056768558952,102.0,,,True,True
,,,,,,,,,,,,,,,,,2.0,,43.0,16.0,51.0,0.3137254901960784,0.0,,,True,True
,,,,,,,,,,,,,,,,,1.0,,0.0,115.0,289.0,0.39792387543252594,0.0,,,False,True
,,,,,,,,,,,,,,,,,1.0,,0.0,0.0,2.0,0,0.0,,,False,True
,,,,,,,,,,,,,,,,,1.0,,0.0,24.0,2.0,12.0,1.0,,,False,True
,,,,,,,,,,,,,,,,,3.0,,18.0,26.0,129.0,0.20155038759689922,5.0,,,False,True
,,,,,,,,,,,,,,,,,1.0,,0.0,46.0,18.0,2.5555555555555554,0.0,,,False,True
,,,,,,,,,,,,,,,,,1.0,,0.0,114.0,811.0,0.1405672009864365,13.0,,,False,True
,,,,,,,,,,,,,,,,,1.0,,0.0,9.0,82.0,0.10975609756097561,7.0,,,True,True
,,,,,,,,,,,,,,,,,1.0,,0.0,17.0,44.0,0.38636363636363635,0.0,,,False,True
,,,,,,,,,,,,,,,,,1.0,,0.0,5.0,10.0,0.5,0.0,,,True,True
,,,,,,,,,,,,,,,,,2.0,,0.0,94.0,105.0,0.8952380952380953,70.0,,,False,True
,,,,,,,,,,,,,,,,,1.0,,43.0,0.0,11.0,0,1.0,,,True,True
,,,,,,,,,,,,,,,,,2.0,,0.0,351.0,2663.0,0.13180623357116034,0.0,,,False,True
,,,,,,,,,,,,,,,,,1.0,,0.0,21.0,0.0,,0.0,,,False,True
,,,,,,,,,,,,,,,,,1.0,,0.0,10.0,18.0,0.5555555555555556,0.0,,,False,True
,,,,,,,,,,,,,,,,,3.0,,0.0,82.0,74.0,1.1081081081081081,34.0,,,False,True
,,,,,,,,,,,,,,,,,1.0,,0.0,10.0,2.0,5.0,0.0,,,False,True
,,,,,,,,,,,,,,,,,1.0,,50.0,23.0,151.0,0.152317880794702,4.0,,,True,True
,,,,,,,,,,,,,,,,,1.0,,5.0,66.0,161.0,0.40993788819875776,6.0,,,False,True
,,,,,,,,,,,,,,,,,1.0,,0.0,77.0,747.0,0.10307898259705489,0.0,,,False,True
,,,,,,,,,,,,,,,,,2.0,,0.0,1.0,9.0,0.1111111111111111,1.0,,,False,True
,,,,,,,,,,,,,,,,,2.0,,0.0,13.0,22.0,0.5909090909090909,0.0,,,False,True
,,,,,,,,,,,,,,,,,1.0,,0.0,356.0,2176.0,0.1636029411764706,21.0,,,False,True
,,,,,,,,,,,,,,,,,1.0,,0.0,3.0,11.0,0.2727272727272727,0.0,,,False,True
,,,,,,,,,,,,,,,,,1.0,,91.0,38.0,87.0,0.4367816091954023,7.0,,,False,True
,,,,,,,,,,,,,,,,,1.0,,0.0,184.0,170.0,1.0823529411764705,3.0,,,True,True
,,,,,,,,,,,,,,,,,0.0,,0.0,37.0,4.0,9.25,0.0,,,False,True
,,,,,,,,,,,,,,,,,0.0,,0.0,124.0,249.0,0.4979919678714859,5.0,,,True,True
,,,,,,,,,,,,,,,,,1.0,,0.0,0.0,11.0,0,0.0,,,True,True
,,,,,,,,,,,,,,,,,1.0,,0.0,65.0,162.0,0.4012345679012346,12.0,,,False,True
,,,,,,,,,,,,,,,,,1.0,,0.0,5.0,56.0,0.08928571428571429,0.0,,,True,True
,,,,,,,,,,,,,,,,,2.0,,0.0,47.0,139.0,0.3381294964028777,23.0,,,False,True
,,,,,,,,,,,,,,,,,0.0,,0.0,73.0,35.0,2.085714285714286,77.0,,,False,True
,,,,,,,,,,,,,,,,,1.0,,0.0,0.0,44.0,0,1.0,,,True,True
,,,,,,,,,,,,,,,,,1.0,,0.0,6.0,15.0,0.4,0.0,,,False,True
,,,,,,,,,,,,,,,,,1.0,,0.0,40.0,66.0,0.6060606060606061,8.0,,,True,True
,,,,,,,,,,,,,,,,,2.0,,0.0,0.0,71.0,0,0.0,,,True,True
,,,,,,,,,,,,,,,,,1.0,,0.0,864.0,3646.0,0.2369720241360395,108.0,,,True,True
,,,,,,,,,,,,,,,,,1.0,,19.0,126.0,860.0,0.14651162790697675,8.0,,,False,True
,,,,,,,,,,,,,,,,,1.0,,0.0,145.0,202.0,0.7178217821782178,5.0,,,False,True
,,,,,,,,,,,,,,,,,2.0,,0.0,13.0,22.0,0.5909090909090909,1.0,,,False,True
,,,,,,,,,,,,,,,,,2.0,,0.0,67.0,90.0,0.7444444444444445,10.0,,,False,True
,,,,,,,,,,,,,,,,,1.0,,0.0,88.0,72.0,1.2222222222222223,3.0,,,False,True
,,,,,,,,,,,,,,,,,1.0,,0.0,64.0,60.0,1.0666666666666667,0.0,,,False,True
,,,,,,,,,,,,,,,,,3.0,,0.0,9.0,25.0,0.36,0.0,,,False,True
,,,,,,,,,,,,,,,,,1.0,,0.0,47.0,98.0,0.47959183673469385,0.0,,,True,True
,,,,,,,,,,,,,,,,,1.0,,0.0,69.0,694.0,0.0994236311239193,0.0,,,False,True
,,,,,,,,,,,,,,,,,2.0,,0.0,15.0,1.0,15.0,0.0,,,False,True
,,,,,,,,,,,,,,,,,1.0,,0.0,14.0,542.0,0.025830258302583026,0.0,,,False,True
,,,,,,,,,,,,,,,,,1.0,,0.0,214.0,829.0,0.25814234016887816,3.0,,,False,True
,,,,,,,,,,,,,,,,,1.0,,0.0,3033.0,1155.0,2.625974025974026,0.0,,,False,True
,,,,,,,,,,,,,,,,,1.0,,0.0,77.0,1269.0,0.06067769897557131,4.0,,,True,True
,,,,,,,,,,,,,,,,,1.0,,0.0,53.0,66.0,0.803030303030303,5.0,,,False,True
,,,,,,,,,,,,,,,,,1.0,,0.0,0.0,8.0,0,0.0,,,True,True
,,,,,,,,,,,,,,,,,1.0,,0.0,24.0,49.0,0.4897959183673469,0.0,,,False,True
,,,,,,,,,,,,,,,,,1.0,,0.0,1.0,34.0,0.029411764705882353,0.0,,,True,True
,,,,,,,,,,,,,,,,,1.0,,0.0,207.0,2426.0,0.08532563891178896,2.0,,,False,True
,,,,,,,,,,,,,,,,,1.0,,59.0,358.0,1990.0,0.1798994974874372,28.0,,,False,True
,,,,,,,,,,,,,,,,,0.0,,0.0,589.0,2980.0,0.1976510067114094,9.0,,,False,True
,,,,,,,,,,,,,,,,,0.0,,0.0,50.0,39.0,1.2820512820512822,1.0,,,False,True
,,,,,,,,,,,,,,,,,2.0,,19.0,1489.0,3715.0,0.4008075370121131,4.0,,,False,True
,,,,,,,,,,,,,,,,,1.0,,0.0,124.0,135.0,0.9185185185185185,3.0,,,False,True
,,,,,,,,,,,,,,,,,0.0,,0.0,772.0,3239.0,0.2383451682618092,15.0,,,False,True
,,,,,,,,,,,,,,,,,1.0,,112.0,415.0,1445.0,0.28719723183391005,4.0,,,False,True
,,,,,,,,,,,,,,,,,1.0,,0.0,201.0,812.0,0.24753694581280788,28.0,,,False,True
,,,,,,,,,,,,,,,,,1.0,,0.0,1906.0,2129.0,0.8952559887271019,0.0,,,False,True
,,,,,,,,,,,,,,,,,0.0,,0.0,66.0,161.0,0.40993788819875776,0.0,,,True,True
,,,,,,,,,,,,,,,,,1.0,,0.0,32.0,23.0,1.391304347826087,0.0,,,False,True
,,,,,,,,,,,,,,,,,1.0,,0.0,49.0,58.0,0.8448275862068966,0.0,,,False,True
,,,,,,,,,,,,,,,,,3.0,,148.0,272.0,295.0,0.9220338983050848,63.0,,,False,True
,,,,,,,,,,,,,,,,,2.0,,0.0,42.0,240.0,0.175,0.0,,,False,True
,,,,,,,,,,,,,,,,,1.0,,0.0,271.0,445.0,0.6089887640449438,2.0,,,True,True
,,,,,,,,,,,,,,,,,2.0,,0.0,0.0,177.0,0,0.0,,,True,True
,,,,,,,,,,,,,,,,,1.0,,0.0,69.0,694.0,0.0994236311239193,0.0,,,False,True
,,,,,,,,,,,,,,,,,1.0,,0.0,44.0,45.0,0.9777777777777777,0.0,,,False,True
,,,,,,,,,,,,,,,,,1.0,,0.0,1.0,2.0,0.5,1.0,,,False,True
,,,,,,,,,,,,,,,,,1.0,,11.0,57.0,73.0,0.7808219178082192,0.0,,,False,True
,,,,,,,,,,,,,,,,,1.0,,0.0,16.0,24.0,0.6666666666666666,0.0,,,False,True
,,,,,,,,,,,,,,,,,1.0,,0.0,21.0,1.0,21.0,0.0,,,False,True
,,,,,,,,,,,,,,,,,1.0,,0.0,42.0,146.0,0.2876712328767123,0.0,,,False,True
,,,,,,,,,,,,,,,,,1.0,,0.0,18.0,106.0,0.16981132075471697,4.0,,,True,True
,,,,,,,,,,,,,,,,,1.0,,28.0,15.0,64.0,0.234375,0.0,,,False,True
,,,,,,,,,,,,,,,,,2.0,,0.0,51.0,126.0,0.40476190476190477,0.0,,,True,True
,,,,,,,,,,,,,,,,,2.0,,0.0,83.0,139.0,0.5971223021582733,0.0,,,False,True
,,,,,,,,,,,,,,,,,1.0,,0.0,45.0,64.0,0.703125,0.0,,,False,True
,,,,,,,,,,,,,,,,,0.0,,0.0,11.0,157.0,0.07006369426751592,0.0,,,True,True
,,,,,,,,,,,,,,,,,1.0,,0.0,92.0,403.0,0.228287841191067,0.0,,,False,True
,,,,,,,,,,,,,,,,,1.0,,0.0,7.0,20.0,0.35,0.0,,,False,True
,,,,,,,,,,,,,,,,,0.0,,0.0,43.0,221.0,0.19457013574660634,0.0,,,False,True
,,,,,,,,,,,,,,,,,1.0,,6.0,50.0,32.0,1.5625,1.0,,,False,True
,,,,,,,,,,,,,,,,,2.0,,0.0,85.0,477.0,0.17819706498951782,12.0,,,False,True
,,,,,,,,,,,,,,,,,1.0,,0.0,8.0,37.0,0.21621621621621623,4.0,,,True,True
,,,,,,,,,,,,,,,,,1.0,,0.0,2997.0,764.0,3.9227748691099475,0.0,,,False,True
,,,,,,,,,,,,,,,,,5.0,,0.0,133.0,750.0,0.17733333333333334,150.0,,,False,True
,,,,,,,,,,,,,,,,,1.0,,0.0,0.0,18.0,0,0.0,,,False,True
,,,,,,,,,,,,,,,,,0.0,,39.0,13.0,38.0,0.34210526315789475,3.0,,,True,True
,,,,,,,,,,,,,,,,,1.0,,0.0,12.0,15.0,0.8,2.0,,,False,True
,,,,,,,,,,,,,,,,,1.0,,0.0,161.0,333.0,0.48348348348348347,7.0,,,True,True
,,,,,,,,,,,,,,,,,0.0,,0.0,21.0,76.0,0.27631578947368424,0.0,,,True,True
,,,,,,,,,,,,,,,,,1.0,,0.0,1.0,8.0,0.125,0.0,,,False,True
,,,,,,,,,,,,,,,,,1.0,,0.0,165.0,689.0,0.23947750362844702,0.0,,,True,True
,,,,,,,,,,,,,,,,,0.0,,0.0,2.0,215.0,0.009302325581395349,9.0,,,True,True
,,,,,,,,,,,,,,,,,1.0,,0.0,51.0,59.0,0.864406779661017,1.0,,,True,True
,,,,,,,,,,,,,,,,,1.0,,0.0,32.0,87.0,0.367816091954023,0.0,,,False,True
,,,,,,,,,,,,,,,,,1.0,,0.0,35.0,38.0,0.9210526315789473,0.0,,,False,True
,,,,,,,,,,,,,,,,,2.0,,0.0,834.0,4118.0,0.20252549781447304,111.0,,,False,True
,,,,,,,,,,,,,,,,,1.0,,0.0,178.0,828.0,0.21497584541062803,0.0,,,True,True
,,,,,,,,,,,,,,,,,1.0,,0.0,0.0,0.0,0,0.0,,,True,True
,,,,,,,,,,,,,,,,,1.0,,0.0,21.0,45.0,0.4666666666666667,0.0,,,True,True
,,,,,,,,,,,,,,,,,1.0,,0.0,20.0,52.0,0.38461538461538464,1.0,,,False,True
,,,,,,,,,,,,,,,,,1.0,,0.0,15.0,595.0,0.025210084033613446,0.0,,,False,True
,,,,,,,,,,,,,,,,,1.0,,0.0,10.0,0.0,,0.0,,,False,True
,,,,,,,,,,,,,,,,,1.0,,0.0,26.0,8.0,3.25,1.0,,,False,True
,,,,,,,,,,,,,,,,,1.0,,0.0,0.0,35.0,0,0.0,,,True,True
,,,,,,,,,,,,,,,,,0.0,,0.0,140.0,319.0,0.438871473354232,0.0,,,False,True
,,,,,,,,,,,,,,,,,4.0,,0.0,31.0,215.0,0.14418604651162792,59.0,,,True,True
,,,,,,,,,,,,,,,,,1.0,,0.0,22.0,11.0,2.0,0.0,,,False,True
,,,,,,,,,,,,,,,,,0.0,,0.0,4.0,25.0,0.16,0.0,,,True,True
,,,,,,,,,,,,,,,,,1.0,,0.0,8.0,60.0,0.13333333333333333,39.0,,,True,True
,,,,,,,,,,,,,,,,,1.0,,0.0,74.0,270.0,0.2740740740740741,2.0,,,False,True
,,,,,,,,,,,,,,,,,1.0,,0.0,77.0,8.0,9.625,19.0,,,False,True
,,,,,,,,,,,,,,,,,1.0,,0.0,19.0,30.0,0.6333333333333333,0.0,,,False,True
,,,,,,,,,,,,,,,,,3.0,,24.0,158.0,309.0,0.511326860841424,13.0,,,True,True
,,,,,,,,,,,,,,,,,1.0,,0.0,90.0,333.0,0.2702702702702703,0.0,,,False,True
,,,,,,,,,,,,,,,,,1.0,,0.0,21.0,31.0,0.6774193548387096,0.0,,,False,True
,,,,,,,,,,,,,,,,,2.0,,14.0,46.0,38.0,1.2105263157894737,0.0,,,False,True
,,,,,,,,,,,,,,,,,5.0,,0.0,39.0,324.0,0.12037037037037036,1.0,,,False,True
,,,,,,,,,,,,,,,,,1.0,,0.0,48.0,45.0,1.0666666666666667,12.0,,,True,True
,,,,,,,,,,,,,,,,,1.0,,0.0,49.0,12.0,4.083333333333333,2.0,,,False,True
,,,,,,,,,,,,,,,,,0.0,,0.0,30.0,48.0,0.625,0.0,,,False,True
,,,,,,,,,,,,,,,,,1.0,,0.0,16.0,2.0,8.0,0.0,,,False,True
,,,,,,,,,,,,,,,,,2.0,,0.0,50.0,49.0,1.0204081632653061,0.0,,,False,True
,,,,,,,,,,,,,,,,,1.0,,0.0,14.0,56.0,0.25,1.0,,,False,True
,,,,,,,,,,,,,,,,,1.0,,0.0,0.0,0.0,0,0.0,,,False,True
,,,,,,,,,,,,,,,,,2.0,,0.0,505.0,2330.0,0.2167381974248927,26.0,,,False,True
,,,,,,,,,,,,,,,,,1.0,,37.0,2.0,16.0,0.125,1.0,,,True,True
,,,,,,,,,,,,,,,,,1.0,,0.0,115.0,230.0,0.5,0.0,,,False,True
,,,,,,,,,,,,,,,,,2.0,,0.0,52.0,1.0,52.0,0.0,,,False,True
,,,,,,,,,,,,,,,,,1.0,,10.0,59.0,48.0,1.2291666666666667,9.0,,,False,True
,,,,,,,,,,,,,,,,,1.0,,0.0,35.0,136.0,0.25735294117647056,2.0,,,False,True
,,,,,,,,,,,,,,,,,2.0,,0.0,210.0,1543.0,0.13609850939727802,8.0,,,False,True
,,,,,,,,,,,,,,,,,1.0,,0.0,15.0,41.0,0.36585365853658536,0.0,,,True,True
,,,,,,,,,,,,,,,,,1.0,,0.0,26.0,46.0,0.5652173913043478,0.0,,,False,True
,,,,,,,,,,,,,,,,,1.0,,0.0,49.0,0.0,,0.0,,,False,True
,,,,,,,,,,,,,,,,,2.0,,0.0,1789.0,6153.0,0.29075247846578905,3.0,,,False,True
,,,,,,,,,,,,,,,,,1.0,,0.0,48.0,6.0,8.0,0.0,,,False,True
,,,,,,,,,,,,,,,,,1.0,,0.0,58.0,347.0,0.16714697406340057,0.0,,,True,True
,,,,,,,,,,,,,,,,,2.0,,0.0,46.0,4.0,11.5,0.0,,,False,True
,,,,,,,,,,,,,,,,,1.0,,0.0,2346.0,7272.0,0.3226072607260726,0.0,,,False,True
,,,,,,,,,,,,,,,,,0.0,,0.0,576.0,474.0,1.2151898734177216,7.0,,,True,True
,,,,,,,,,,,,,,,,,1.0,,0.0,17.0,34.0,0.5,1.0,,,False,True
,,,,,,,,,,,,,,,,,1.0,,2.0,182.0,227.0,0.801762114537445,5.0,,,True,True
,,,,,,,,,,,,,,,,,1.0,,61.0,7.0,47.0,0.14893617021276595,5.0,,,True,True
,,,,,,,,,,,,,,,,,1.0,,0.0,5.0,82.0,0.06097560975609756,0.0,,,True,True
,,,,,,,,,,,,,,,,,2.0,,0.0,70.0,64.0,1.09375,25.0,,,False,True
,,,,,,,,,,,,,,,,,1.0,,0.0,0.0,23.0,0,10.0,,,True,True
,,,,,,,,,,,,,,,,,1.0,,0.0,51.0,41.0,1.2439024390243902,0.0,,,False,True
,,,,,,,,,,,,,,,,,1.0,,0.0,31.0,213.0,0.14553990610328638,0.0,,,True,True
,,,,,,,,,,,,,,,,,0.0,,50.0,818.0,618.0,1.3236245954692556,4.0,,,True,True
,,,,,,,,,,,,,,,,,1.0,,0.0,32.0,52.0,0.6153846153846154,6.0,,,True,True
,,,,,,,,,,,,,,,,,1.0,,0.0,119.0,350.0,0.34,0.0,,,False,True
,,,,,,,,,,,,,,,,,1.0,,0.0,166.0,596.0,0.2785234899328859,33.0,,,False,True
,,,,,,,,,,,,,,,,,1.0,,0.0,16.0,27.0,0.5925925925925926,1.0,,,False,True
,,,,,,,,,,,,,,,,,0.0,,0.0,52.0,15.0,3.466666666666667,0.0,,,False,True
,,,,,,,,,,,,,,,,,2.0,,0.0,48.0,1.0,48.0,0.0,,,False,True
,,,,,,,,,,,,,,,,,2.0,,0.0,55.0,46.0,1.1956521739130435,0.0,,,False,True
,,,,,,,,,,,,,,,,,2.0,,0.0,12.0,30.0,0.4,0.0,,,False,True
,,,,,,,,,,,,,,,,,0.0,,0.0,17.0,33.0,0.5151515151515151,1.0,,,False,True
,,,,,,,,,,,,,,,,,1.0,,0.0,52.0,16.0,3.25,0.0,,,False,True
,,,,,,,,,,,,,,,,,1.0,,0.0,49.0,235.0,0.20851063829787234,0.0,,,False,True
,,,,,,,,,,,,,,,,,2.0,,0.0,62.0,126.0,0.49206349206349204,1.0,,,False,True
,,,,,,,,,,,,,,,,,1.0,,0.0,72.0,434.0,0.16589861751152074,0.0,,,False,True
,,,,,,,,,,,,,,,,,2.0,,0.0,15.0,5.0,3.0,0.0,,,False,True
,,,,,,,,,,,,,,,,,1.0,,0.0,102.0,109.0,0.9357798165137615,2.0,,,False,True
,,,,,,,,,,,,,,,,,1.0,,0.0,79.0,767.0,0.10299869621903521,1.0,,,True,True
,,,,,,,,,,,,,,,,,1.0,,0.0,17.0,20.0,0.85,4.0,,,False,True
,,,,,,,,,,,,,,,,,1.0,,0.0,39.0,17.0,2.2941176470588234,8.0,,,False,True
,,,,,,,,,,,,,,,,,1.0,,0.0,34.0,112.0,0.30357142857142855,2.0,,,False,True
,,,,,,,,,,,,,,,,,1.0,,0.0,19.0,31.0,0.6129032258064516,92.0,,,True,True
,,,,,,,,,,,,,,,,,2.0,,0.0,2.0,30.0,0.06666666666666667,0.0,,,False,True
,,,,,,,,,,,,,,,,,1.0,,0.0,60.0,31.0,1.935483870967742,0.0,,,False,True
,,,,,,,,,,,,,,,,,1.0,,0.0,0.0,229.0,0,0.0,,,True,True
,,,,,,,,,,,,,,,,,1.0,,6.0,34.0,44.0,0.7727272727272727,1.0,,,True,True
,,,,,,,,,,,,,,,,,1.0,,1.0,23.0,26.0,0.8846153846153846,0.0,,,False,True
,,,,,,,,,,,,,,,,,1.0,,13.0,76.0,168.0,0.4523809523809524,3.0,,,True,True
,,,,,,,,,,,,,,,,,1.0,,0.0,40.0,19.0,2.1052631578947367,2.0,,,False,True
,,,,,,,,,,,,,,,,,1.0,,5.0,51.0,420.0,0.12142857142857143,1.0,,,True,True
,,,,,,,,,,,,,,,,,1.0,,0.0,3.0,1.0,3.0,1.0,,,False,True
,,,,,,,,,,,,,,,,,1.0,,0.0,332.0,1333.0,0.2490622655663916,0.0,,,True,True
,,,,,,,,,,,,,,,,,1.0,,0.0,39.0,153.0,0.2549019607843137,0.0,,,False,True
,,,,,,,,,,,,,,,,,0.0,,0.0,0.0,0.0,0,0.0,,,True,True
,,,,,,,,,,,,,,,,,2.0,,0.0,82.0,6.0,13.666666666666666,0.0,,,False,True
,,,,,,,,,,,,,,,,,2.0,,0.0,57.0,130.0,0.43846153846153846,0.0,,,False,True
,,,,,,,,,,,,,,,,,1.0,,34.0,16.0,17.0,0.9411764705882353,0.0,,,True,True
,,,,,,,,,,,,,,,,,1.0,,0.0,88.0,76.0,1.1578947368421053,8.0,,,False,True
,,,,,,,,,,,,,,,,,1.0,,0.0,23.0,40.0,0.575,0.0,,,True,True
,,,,,,,,,,,,,,,,,1.0,,0.0,10.0,24.0,0.4166666666666667,2.0,,,False,True
,,,,,,,,,,,,,,,,,2.0,,0.0,192.0,942.0,0.20382165605095542,6.0,,,False,True
,,,,,,,,,,,,,,,,,1.0,,0.0,3003.0,825.0,3.64,0.0,,,False,True
,,,,,,,,,,,,,,,,,2.0,,9.0,221.0,244.0,0.9057377049180327,7.0,,,True,True
,,,,,,,,,,,,,,,,,0.0,,0.0,316.0,1165.0,0.271244635193133,17.0,,,True,True
,,,,,,,,,,,,,,,,,1.0,,32.0,61.0,76.0,0.8026315789473685,4.0,,,False,True
,,,,,,,,,,,,,,,,,1.0,,0.0,16.0,23.0,0.6956521739130435,1.0,,,False,True
,,,,,,,,,,,,,,,,,1.0,,0.0,219.0,1695.0,0.12920353982300886,1.0,,,False,True
,,,,,,,,,,,,,,,,,1.0,,0.0,218.0,792.0,0.27525252525252525,2.0,,,False,True
,,,,,,,,,,,,,,,,,1.0,,0.0,88.0,61.0,1.4426229508196722,4.0,,,False,True
,,,,,,,,,,,,,,,,,1.0,,0.0,25.0,86.0,0.29069767441860467,0.0,,,True,True
,,,,,,,,,,,,,,,,,1.0,,0.0,4.0,3.0,1.3333333333333333,0.0,,,False,True
,,,,,,,,,,,,,,,,,1.0,,0.0,47.0,9.0,5.222222222222222,0.0,,,False,True
,,,,,,,,,,,,,,,,,1.0,,0.0,156.0,423.0,0.36879432624113473,6.0,,,False,True
,,,,,,,,,,,,,,,,,1.0,,0.0,4.0,279.0,0.014336917562724014,141.0,,,True,True
,,,,,,,,,,,,,,,,,1.0,,20.0,309.0,250.0,1.236,34.0,,,False,True
,,,,,,,,,,,,,,,,,1.0,,0.0,59.0,38.0,1.5526315789473684,6.0,,,False,True
,,,,,,,,,,,,,,,,,1.0,,43.0,31.0,37.0,0.8378378378378378,3.0,,,False,True
,,,,,,,,,,,,,,,,,1.0,,0.0,15.0,1.0,15.0,0.0,,,False,True
,,,,,,,,,,,,,,,,,0.0,,0.0,31.0,124.0,0.25,0.0,,,False,True
,,,,,,,,,,,,,,,,,1.0,,0.0,43.0,88.0,0.48863636363636365,0.0,,,False,True
,,,,,,,,,,,,,,,,,1.0,,0.0,57.0,22.0,2.590909090909091,3.0,,,False,True
,,,,,,,,,,,,,,,,,1.0,,0.0,24.0,88.0,0.2727272727272727,0.0,,,True,True
,,,,,,,,,,,,,,,,,1.0,,0.0,46.0,92.0,0.5,0.0,,,False,True
,,,,,,,,,,,,,,,,,1.0,,0.0,119.0,151.0,0.7880794701986755,3.0,,,True,True
,,,,,,,,,,,,,,,,,2.0,,0.0,42.0,46.0,0.9130434782608695,0.0,,,False,True
,,,,,,,,,,,,,,,,,1.0,,0.0,90.0,69.0,1.3043478260869565,0.0,,,False,True
,,,,,,,,,,,,,,,,,0.0,,0.0,1987.0,7453.0,0.2666040520595733,2.0,,,False,True
,,,,,,,,,,,,,,,,,1.0,,0.0,24.0,22.0,1.0909090909090908,0.0,,,False,True
